{
    "x_description": {
        "count": 99707.0,
        "mean": 10.013037378773966,
        "std": 2.002694485428407,
        "min": 1.4835074669900354,
        "25%": 8.654645052706023,
        "50%": 10.006482132129387,
        "75%": 11.359888081803476,
        "max": 18.00705486831844
    },
    "x_skew": 0.012287501553754437,
    "y_description": {
        "count": 99707.0,
        "mean": 19.992606237448165,
        "std": 6.038063709957889,
        "min": -6.6627217940351,
        "25%": 15.90376124313837,
        "50%": 19.988729553685214,
        "75%": 24.03144460603558,
        "max": 46.411381938640844
    },
    "y_skew": 0.014463293745608272
}