{
    "x_description": {
        "count": 100384.0,
        "mean": 9.994333811815666,
        "std": 1.9971382893633474,
        "min": 1.156329574015258,
        "25%": 8.652247350322824,
        "50%": 9.987663529766422,
        "75%": 11.344194603635048,
        "max": 18.568656069221195
    },
    "x_skew": -0.001416210993073229,
    "y_description": {
        "count": 100384.0,
        "mean": 19.976906270766968,
        "std": 6.003122850466699,
        "min": -7.780885464302347,
        "25%": 15.934312796734037,
        "50%": 19.976726321610634,
        "75%": 24.040023739853062,
        "max": 43.85011484069069
    },
    "y_skew": -0.0031520336543795135
}