{
    "x_description": {
        "count": 100384.0,
        "mean": 9.99878751524369,
        "std": 1.9952050179634502,
        "min": 1.4338266544472251,
        "25%": 8.6515774675638,
        "50%": 10.00551657263972,
        "75%": 11.343974433164146,
        "max": 18.306514856860385
    },
    "x_skew": -0.0015213627357234618,
    "y_description": {
        "count": 100384.0,
        "mean": 19.961427586354457,
        "std": 5.998002733049446,
        "min": -6.4911024674843105,
        "25%": 15.937046922844617,
        "50%": 19.970420111796635,
        "75%": 24.00658639966428,
        "max": 44.09993986596911
    },
    "y_skew": -0.006929668839689301
}