{
    "x_description": {
        "count": 50185.0,
        "mean": 10.004935685137456,
        "std": 2.0034427796535423,
        "min": 1.8131302716055782,
        "25%": 8.668506486309495,
        "50%": 10.009643758203335,
        "75%": 11.352167044536674,
        "max": 18.59299261581405
    },
    "x_skew": -0.012396524415909722,
    "y_description": {
        "count": 50185.0,
        "mean": 20.00407739033456,
        "std": 6.007715954221885,
        "min": -3.6962306916620555,
        "25%": 15.923275849214356,
        "50%": 20.00601973447118,
        "75%": 24.07294068693153,
        "max": 47.6682875732372
    },
    "y_skew": 0.015093059517366314
}