{
    "x_description": {
        "count": 49813.0,
        "mean": 9.97857468965577,
        "std": 2.0035759566765763,
        "min": 1.3610703354294813,
        "25%": 8.614966088873388,
        "50%": 9.974949412349368,
        "75%": 11.344360408231166,
        "max": 18.603695485450796
    },
    "x_skew": 0.013529934189635058,
    "y_description": {
        "count": 49813.0,
        "mean": 19.982594982647207,
        "std": 6.009073790447161,
        "min": -5.734296471390174,
        "25%": 15.95476416288345,
        "50%": 19.980536221679998,
        "75%": 24.015431468736367,
        "max": 46.191675197423685
    },
    "y_skew": 0.005004030614448484
}