{
    "x_description": {
        "count": 199911.0,
        "mean": 9.991181179815504,
        "std": 2.0040160390597044,
        "min": 1.1013212680588094,
        "25%": 8.647206889222666,
        "50%": 9.994007094688314,
        "75%": 11.335318793677576,
        "max": 19.67094724891756
    },
    "x_skew": -0.0014702260136051919,
    "y_description": {
        "count": 199911.0,
        "mean": 19.995064893552115,
        "std": 6.006456979520089,
        "min": -7.127549542341711,
        "25%": 15.939719335939614,
        "50%": 20.000734401305056,
        "75%": 24.05536244842723,
        "max": 46.20059254001738
    },
    "y_skew": -0.004096350402506812
}