{
    "x_description": {
        "count": 199911.0,
        "mean": 9.992634563293052,
        "std": 2.0047781751522438,
        "min": 0.3411279829776852,
        "25%": 8.639136882884912,
        "50%": 9.99252276707634,
        "75%": 11.350371303233523,
        "max": 18.20204081289222
    },
    "x_skew": -0.004594145936116332,
    "y_description": {
        "count": 199911.0,
        "mean": 19.982029049151294,
        "std": 6.0063727695839635,
        "min": -7.866512645892968,
        "25%": 15.94624617927698,
        "50%": 19.985350055684787,
        "75%": 24.02623149110716,
        "max": 47.5749697813889
    },
    "y_skew": -0.00326943256314909
}