{
    "x_description": {
        "count": 500000.0,
        "mean": 9.996923120534404,
        "std": 2.0008929536673077,
        "min": 0.3411279829776852,
        "25%": 8.645091231269141,
        "50%": 9.997908098560437,
        "75%": 11.349801925129404,
        "max": 19.357898200753446
    },
    "x_skew": 0.000712348908033327,
    "y_description": {
        "count": 500000.0,
        "mean": 19.97822157052813,
        "std": 6.008403488858472,
        "min": -7.866512645892968,
        "25%": 15.936873464159111,
        "50%": 19.983827303448244,
        "75%": 24.029958875194716,
        "max": 47.69830353663069
    },
    "y_skew": -0.0031033049894973862
}