{
    "x_description": {
        "count": 99707.0,
        "mean": 10.011720778695839,
        "std": 1.9960441660422061,
        "min": 1.6215314627952875,
        "25%": 8.663298180564114,
        "50%": 10.01358124977342,
        "75%": 11.359533386856494,
        "max": 19.357898200753446
    },
    "x_skew": 0.005740088082906413,
    "y_description": {
        "count": 99707.0,
        "mean": 19.973729972184984,
        "std": 6.026451228503752,
        "min": -7.581689098517039,
        "25%": 15.902457948702427,
        "50%": 19.99248147508678,
        "75%": 24.04821432175993,
        "max": 45.8092760104486
    },
    "y_skew": -0.0012716033078027974
}