{
    "x_description": {
        "count": 49813.0,
        "mean": 9.98721304066186,
        "std": 2.0055464034935797,
        "min": 0.8943331197851343,
        "25%": 8.626647453770774,
        "50%": 9.999613733134668,
        "75%": 11.329704568440611,
        "max": 18.424075296781965
    },
    "x_skew": 0.005978579059584327,
    "y_description": {
        "count": 49813.0,
        "mean": 20.01933441668737,
        "std": 6.011179841560891,
        "min": -4.059481879336701,
        "25%": 15.923116885205896,
        "50%": 20.033334361610578,
        "75%": 24.095086225035452,
        "max": 46.16552679496556
    },
    "y_skew": -0.0010722206440008904
}