{
    "x_description": {
        "count": 500000.0,
        "mean": 9.99715776936386,
        "std": 2.0024810088749336,
        "min": 0.8943331197851343,
        "25%": 8.649675332034306,
        "50%": 9.9972214193935,
        "75%": 11.343218092839162,
        "max": 19.67094724891756
    },
    "x_skew": 0.000928848613929724,
    "y_description": {
        "count": 500000.0,
        "mean": 19.994251392538402,
        "std": 6.01268807329262,
        "min": -7.780885464302347,
        "25%": 15.92778212114538,
        "50%": 19.996551418640067,
        "75%": 24.05337565019272,
        "max": 47.6682875732372
    },
    "y_skew": 0.0020649466806814984
}