{
    "x_description": {
        "count": 50185.0,
        "mean": 9.99908979689651,
        "std": 2.003583921774097,
        "min": 2.3137931401044725,
        "25%": 8.648824096698068,
        "50%": 9.994162063577294,
        "75%": 11.343231395852232,
        "max": 19.222514304528463
    },
    "x_skew": 0.004110126589000496,
    "y_description": {
        "count": 50185.0,
        "mean": 20.00123006841328,
        "std": 6.000835525909269,
        "min": -5.079579699301668,
        "25%": 15.939480426421847,
        "50%": 19.999202076187924,
        "75%": 24.071913324608058,
        "max": 47.69830353663069
    },
    "y_skew": -0.00656099492024479
}